{"Scene":{"0":{"Identifier":{"Identifier":272,"MainCamera":false,"MainPlayer":false,"Name":"OverLord Entity"},"Sprite":{"BottomLeft":[0.0,0.0],"FileName":"OverLord.png","Height":65,"IsSpriteSheet":false,"SizeScale":1.0,"TopRight":[1.0,1.0],"Width":50},"Transform":{"Position":[60.0,42.0,25.0],"Rotation":[0.0,0.0,0.0],"Scale":[50.0,65.0,1.0]}},"1":{"AnimationController":{"Active Animation":0,"Animation0":{"Frame0":[1.0,547.0,485.20001220703125,1.0],"Frame1":[486.20001220703125,547.0,970.4000244140625,1.0],"Frame2":[971.4000244140625,547.0,1455.5999755859375,1.0],"Frame3":[1456.5999755859375,547.0,1940.800048828125,1.0],"NumFrames":4,"Repeating":true,"SecsPerFrame":0.16670000553131104},"Animation1":{"Frame0":[1941.800048828125,547.0,2426.0,548.0],"Frame1":[1941.800048828125,1094.0,2426.0,548.0],"Frame2":[1941.800048828125,1641.0,2426.0,1095.0],"Frame3":[1941.800048828125,2188.0,2426.0,1642.0],"NumFrames":4,"Repeating":true,"SecsPerFrame":0.07999999821186066},"Animation2":{"Frame0":[1.0,1094.0,485.20001220703125,549.0],"Frame1":[486.20001220703125,1094.0,970.4000244140625,548.0],"Frame2":[971.4000244140625,1094.0,1455.5999755859375,548.0],"Frame3":[1456.5999755859375,1094.0,1940.800048828125,548.0],"NumFrames":4,"Repeating":true,"SecsPerFrame":0.07999999821186066},"Animation3":{"Frame0":[1.0,1641.0,485.20001220703125,1095.0],"Frame1":[486.20001220703125,1641.0,970.4000244140625,1095.0],"Frame2":[971.4000244140625,1641.0,1455.5999755859375,1095.0],"Frame3":[1456.5999755859375,1641.0,1940.800048828125,1095.0],"NumFrames":4,"Repeating":true,"SecsPerFrame":0.07999999821186066},"FileName":"Space Rager 2.png","NumAnimations":4},"Identifier":{"Identifier":4368,"MainCamera":false,"MainPlayer":false,"Name":"SpaceRanger Entity"},"Sprite":{"BottomLeft":[14.0,34.0],"FileName":"Space Rager 2.png","Height":136,"IsSpriteSheet":true,"SizeScale":1.0,"TopRight":[30.0,11.0],"Width":121},"Transform":{"Position":[-85.0,-25.0,20.0],"Rotation":[0.0,0.0,0.0],"Scale":[121.0,136.0,1.0]}},"2":{"AnimationController":{"Active Animation":0,"Animation0":{"Frame0":[1.0,56.0,60.0,1.0],"Frame1":[61.0,56.0,120.0,1.0],"Frame2":[1.0,112.0,60.0,57.0],"Frame3":[61.0,112.0,121.0,57.0],"Frame4":[61.0,168.0,121.0,113.0],"Frame5":[121.0,56.0,180.0,1.0],"Frame6":[121.0,112.0,180.0,57.0],"Frame7":[121.0,168.0,180.0,113.0],"Frame8":[1.0,224.0,60.0,169.0],"NumFrames":9,"Repeating":true,"SecsPerFrame":0.16670000553131104},"FileName":"BlueSwordSpritSheet.png","NumAnimations":1},"Identifier":{"Identifier":4368,"MainCamera":false,"MainPlayer":false,"Name":"BlueSword Entity"},"Sprite":{"BottomLeft":[14.0,34.0],"FileName":"BlueSwordSpritSheet.png","Height":108,"IsSpriteSheet":true,"SizeScale":1.0,"TopRight":[30.0,11.0],"Width":116},"Transform":{"Position":[20.0,-25.0,20.0],"Rotation":[0.0,0.0,0.0],"Scale":[116.0,108.0,1.0]}},"3":{"Identifier":{"Identifier":272,"MainCamera":false,"MainPlayer":false,"Name":"Blue Entity"},"Sprite":{"BottomLeft":[0.0,0.0],"FileName":"Blue.png","Height":106,"IsSpriteSheet":false,"SizeScale":1.0,"TopRight":[1.0,1.0],"Width":108},"Transform":{"Position":[140.0,-32.0,25.0],"Rotation":[0.0,0.0,0.0],"Scale":[108.0,106.0,1.0]}},"4":{"Identifier":{"Identifier":0,"MainCamera":false,"MainPlayer":false,"Name":"LeagueBack Entity"}},"5":{"Identifier":{"Identifier":0,"MainCamera":false,"MainPlayer":false,"Name":"LeagueBack Entity"}},"6":{"Camera":{"FarPlane":100.0,"Fov":0.0,"NearPlane":-100.0,"OrthoPos":[-100.0,100.0,-100.0,100.0],"OrthoSize":[-100.0,100.0,-100.0,100.0],"Position":[0.0,0.0,0.0],"ProjectionType":1,"Rotation":[0.0,0.0,0.0]},"Identifier":{"Identifier":1,"MainCamera":true,"MainPlayer":false,"Name":"Main Camera"}},"NumEntities":7,"SceneName":"Hello New Anime World"}}